year,BOY Balance,Interest,EOY Balance
1,1000.0,50.0,1050.0
2,1050.0,52.5,1102.5
3,1102.5,55.125,1157.625
4,1157.625,57.88125,1215.50625
5,1215.50625,60.7753125,1276.2815624999998
