Value,t
0,0
1.0,0.1
1.6487212707001282,0.2
2.718281828459045,0.3
4.4816890703380645,0.4
7.3890560989306495,0.5
12.182493960703471,0.6
20.085536923187664,0.7
33.115451958692304,0.8
54.59815003314423,0.9
90.0171313005218,1.0
148.41315910257657,1.1
244.69193226422033,1.2
403.428793492735,1.3
665.1416330443616,1.4
1096.6331584284583,1.5
1808.0424144560625,1.6
2980.957987041727,1.7
4914.7688402991325,1.8
8103.08392757538,1.9
13359.726829661866,2.0
